run_id,scheduled_order,arm,status,parser_correct,strict_correct,parser_status,reasoning_output_tokens,reasoning_tokens_is_516,reasoning_tokens_is_518n_minus_2,input_tokens,cached_input_tokens,output_tokens,wall_ms,ttft_ms,tokens_per_second,final_text_sha256,final_integer_candidate,contains_21,contains_516_text
run-0001-control,1,control,completed,False,False,resolved,4407,False,False,9656,9216,4709,12704,11184,370.67065491183877,2bb8944db0429820e8e63b11adad3f0f59b9db7ee9e7a5c441519d04a5341c1b,29,False,False
run-0002-treatment,2,treatment,completed,False,False,resolved,3754,False,False,9671,7680,3978,10896,9371,365.08810572687224,2f3dbc27cd4cd87fabf8360f5e26e22466f30c63c1d4ee299bc8b5011204f6f2,29,False,False
run-0003-treatment,3,treatment,completed,False,False,resolved,2413,False,False,9671,4224,2659,10704,9070,248.41180866965618,9893dd540cb0eb6a5c29bc8fce2fb34b04e698876177db90b310ba769a19941a,29,False,False
run-0004-control,4,control,completed,False,False,resolved,5759,False,False,9656,9216,6027,13500,11915,446.44444444444446,0a54d4fd92783fb10a1893626a0f3e5ea2db0e99295076b83bab7437407259a9,29,False,False
run-0005-control,5,control,completed,False,False,resolved,2509,False,False,9656,4224,2796,9179,7713,304.60834513563566,404f1f50326ec464d728b10ff76bdcdaf9d515ec114bf118bc01598dd8d2fdff,29,False,False
run-0006-treatment,6,treatment,completed,False,False,resolved,4466,False,False,9671,4224,4673,10776,9218,433.648849294729,2b736ef4d554eda4a8f9777824bacbe43049c3457c25c10c44b5e497832dfdcd,29,False,False
run-0007-control,7,control,completed,False,False,resolved,3679,False,False,9656,4224,4008,10897,9386,367.8076534826099,70b011568d92fc734c67b496e86db14720b510f9817bf73b041b8ea9693ff115,29,False,False
run-0008-treatment,8,treatment,completed,False,False,resolved,3527,False,False,9671,9600,3903,14807,13434,263.5915445397447,10bb0f0e3a2eeae041c30bec7a9b219056a9f8e8e1fe79f2a8f4fa710a56e639,29,False,False
run-0009-treatment,9,treatment,completed,False,False,resolved,2950,False,False,9671,9216,3241,7563,6070,428.5336506677245,f3786c4d3419aa8d4810d9b50d8a748bf77fadeb4ba223f2894514e5b067f7c8,29,False,False
run-0010-control,10,control,completed,False,False,resolved,3434,False,False,9656,4224,3627,12431,10972,291.7705735660848,b22495035fc9628d23ece84ed210e1141ff2acddf4b7132a001a4a0e6f700fdf,29,False,False
run-0011-control,11,control,completed,False,False,resolved,6950,False,False,9656,9600,7222,13750,12406,525.2363636363636,e65378015ac582c99949721b9bcd5bfc6c64c13958946d7fc2a2bdb66c15b6d8,29,False,False
run-0012-treatment,12,treatment,completed,False,False,resolved,2787,False,False,9671,4224,3300,8794,7109,375.25585626563566,e2f3fe21b76d21f76fbd85e3e9341192f0cfaeb1a202c6baddf1237f219658e5,29,False,False
run-0013-treatment,13,treatment,completed,False,False,resolved,3237,False,False,9671,4224,3530,9486,8020,372.12734556188065,1ef67d55abaa45286dd65251b1b799c1e78a7893c309e67c41d5a6d7334e2ae4,29,False,False
run-0014-control,14,control,completed,False,False,resolved,6551,False,False,9656,9216,6830,12739,11283,536.1488342884056,0f8b5a3e12dd4e736d83b61b56ce24088f7aee35bbe1622ad9d48b32a439e31d,29,False,False
run-0015-control,15,control,completed,False,False,resolved,2530,False,False,9656,9216,2867,7068,5620,405.631013016412,036ee95ce42247ecb44696df76b6cb76cc894921e8cfbd0a321af31cb2a34b94,29,False,False
run-0016-treatment,16,treatment,completed,False,False,resolved,3122,False,False,9671,9600,3389,17778,16259,190.62886713916077,37039c86504ffcf995c8394fc52eb95bf9f1341e5b12565d4122473bb6f96783,29,False,False
run-0017-control,17,control,completed,False,False,resolved,4282,False,False,9656,9600,4584,9478,8001,483.6463388900612,940c12e7e33bcca7a4e033215995bc60ab7142ea5bd1c5d89c63f1d57510cfb7,29,False,False
run-0018-treatment,18,treatment,completed,False,False,resolved,5121,False,False,9671,9216,5387,9838,8328,547.5706444399268,59ad236690fa8320b134391b15f000d39b260368dd7500cce39e23d5ce00bc6f,29,False,False
run-0019-treatment,19,treatment,completed,False,False,resolved,3421,False,False,9671,9216,3664,8336,6784,439.53934740882914,1f8a7f5a7b4587321e46ced3c432f7f702d7b55ebef067969f7145c28613870a,29,False,False
run-0020-control,20,control,completed,False,False,resolved,2183,False,False,9656,9216,2530,9630,7900,262.72066458982346,45c6b753e2eb9458396b95032b51569515fad8110179b188eb7e21991ecd664c,29,False,False
run-0021-treatment,21,treatment,completed,False,False,resolved,3243,False,False,9671,9600,3429,7984,6460,429.48396793587176,cf789031d62c9c780ed8593c3870da5a9a0d3ad299a43f645f7ee61220676bf4,29,False,False
run-0022-control,22,control,completed,False,False,resolved,2958,False,False,9656,9600,3187,9281,7887,343.38972093524404,41df1d94cbcffc222e3b32575b79179742bc4b8169e7b4fa3ee20a4c3e8260bb,29,False,False
run-0023-treatment,23,treatment,completed,False,False,resolved,2644,False,False,9671,9600,2871,8364,6622,343.2568149210904,3613fffcd7dd774430bdc28e337a33e9d3030c3e92a167280f56656cab5a841d,29,False,False
run-0024-control,24,control,completed,False,False,resolved,3720,False,False,9656,4224,4037,10887,9382,370.80922200789934,f93bd68d31f76f91bf9ea9ce9caa1baece09eb2cb7f02a17c7af6be5fa6656b0,29,False,False
run-0025-control,25,control,completed,False,False,resolved,5224,False,False,9656,9216,5549,11180,9665,496.33273703041147,5121a44415ebf8d91ab30f7312a9ade4cac3b84ba789c609bbeae80f93514da4,29,False,False
run-0026-treatment,26,treatment,completed,False,False,resolved,1992,False,False,9671,9216,2310,10746,9043,214.96370742601897,2918c4c6be5787737541b1637a9201a690bc6b7a3ab5674c56d75d913d11b8eb,29,False,False
run-0027-treatment,27,treatment,completed,False,False,resolved,3088,False,False,9671,9216,3347,9551,7861,350.4345094754476,3e2612fe8af3ce9f96666f3d1a026fa973ac580e2307edc349223db092ca6773,29,False,False
run-0028-control,28,control,completed,False,False,resolved,2105,False,False,9656,9600,2400,7164,5764,335.00837520938023,51344c58cf6f588f9896b68d85c3c90038fe1aee202387a92ee6333a0102cdb8,29,False,False
run-0029-control,29,control,completed,False,False,resolved,4222,False,False,9656,9600,4662,9726,7971,479.33374460209745,4a2884e761895d6df2f0e124699b41f5dcbf8938b7247bb6676407617e241c4f,32,False,False
run-0030-treatment,30,treatment,completed,False,False,resolved,3139,False,False,9671,9600,3439,8386,6798,410.0882423086096,66200ce791fe81c052c8450babecf8065fcc098488cfaa187e22eca0ed8732b0,29,False,False
run-0031-control,31,control,completed,False,False,resolved,2309,False,False,9656,9600,2608,7379,5827,353.43542485431635,78c71693227ab1b0bb2da87ff1de49b4744f7cbd3a489a1bf999019b8e17cb7e,29,False,False
run-0032-treatment,32,treatment,completed,False,False,resolved,3148,False,False,9671,4224,3455,9418,7791,366.8507114036951,695516d149d84be436b9064cfb63d6bbc107ad7b14eff9f1c281d82cdce008b3,29,False,False
run-0033-control,33,control,completed,False,False,resolved,2330,False,False,9656,9216,2692,8021,5580,335.6190001246727,8924825dff737a90caf82c61fe688f61fc8be973d3f8b48943d2da6d494e060a,29,False,False
run-0034-treatment,34,treatment,completed,False,False,resolved,1958,False,False,9671,9600,2202,7747,6029,284.23906028139925,058661a047eebd7abb04a83b7267869dc7efc4f4cbcb11376c2753e07f15ee06,29,False,False
run-0035-control,35,control,completed,False,False,resolved,4309,False,False,9656,9600,4675,13322,11850,350.9232847920733,0117e276bf74efffb39fbdb91701de36c7a870829efc8cd4db63f3d8aab4f3e7,29,False,False
run-0036-treatment,36,treatment,completed,False,False,resolved,5435,False,False,9671,9600,5701,21816,20291,261.3219655298863,bc4aba44d1b389a5e6d622267c3cd69cbc270fa7d117f1a9f8878ecdef0cc0ac,29,False,False
run-0037-treatment,37,treatment,completed,False,False,resolved,3689,False,False,9671,9600,4039,15699,14370,257.2775336008663,8fb28beae389c3daf890aafc112588a783ce807b844771a41f58ef82ca8f8e32,29,False,False
run-0038-control,38,control,completed,False,False,resolved,2987,False,False,9656,9600,3364,8579,6990,392.1202937405292,6159888e83859eee8e21a815a551673d1f738462a4f56eaa82a4c3642879d936,29,False,False
run-0039-control,39,control,completed,False,False,resolved,2987,False,False,9656,9600,3364,8405,6891,400.23795359904824,6159888e83859eee8e21a815a551673d1f738462a4f56eaa82a4c3642879d936,29,False,False
run-0040-treatment,40,treatment,completed,False,False,resolved,2790,False,False,9671,9216,3095,7573,5676,408.6887627096263,ac40e263a7d035d8a43380dc93b49d26d3400b7fedb4dcaf261543b6a106e649,29,False,False
run-0041-control,41,control,completed,True,False,ambiguous,3813,False,False,9656,9600,4186,9643,8159,434.097272632998,6887d466f3605993fc8b31108813ceda3d72647d73e1b5a2c8b985f984c30570,29,True,False
run-0042-treatment,42,treatment,completed,False,False,resolved,1742,False,False,9671,9600,2072,6596,5031,314.12977562158886,df47a110152448656a5a21fa0efbe4ce12ed9745f82d35c1a76bb0c1ffc61d21,29,False,False
run-0043-treatment,43,treatment,completed,False,False,resolved,2337,False,False,9671,9600,2575,9364,7756,274.9893208030756,6066985d7ed26c41a6dbb48f0265a27f1981ca826b3d19bbafb70eba6b7bcb28,29,False,False
run-0044-control,44,control,completed,False,False,resolved,4712,False,False,9656,9600,5113,9352,7890,546.7279726261762,be4b73965b3acf8695f6d812766e16546da75589c02bc96d0896ff112350f2c0,29,False,False
run-0045-treatment,45,treatment,completed,False,False,resolved,1978,False,False,9671,9600,2211,7269,5527,304.1683862979777,a26b85e1f512d2a1d62de5e17d210cf2f0d977f2712c4350abd078ad0556273c,29,False,False
run-0046-control,46,control,completed,False,False,resolved,1934,False,False,9656,9600,2303,7842,6113,293.6750828870186,1e85937f3580654b502eca9d791ea19b169a6a8d9f2a3741cbe8f019200e6710,29,False,False
run-0047-treatment,47,treatment,completed,False,False,resolved,1641,False,False,9671,9600,1881,7014,5569,268.1779298545766,8a01b44cde6d25bb192bf1678be3fe898a3e04c9bd506d88c69929af44010467,29,False,False
run-0048-control,48,control,completed,False,False,resolved,3690,False,False,9656,9600,3985,7989,6445,498.81086493929155,fa9963574665c6218362428fc66c794868de66e42845f3322e86adbd4a6cc06a,29,False,False
run-0049-treatment,49,treatment,completed,False,False,resolved,2118,False,False,9671,9600,2486,7288,5632,341.1086717892426,6d2de7dc2f4fe239a5590ebc26b984a7498f498d8fe0bc11e31ed657d1e6c9a5,29,False,False
run-0050-control,50,control,completed,False,False,resolved,3032,False,False,9656,9600,3370,7998,6591,421.3553388347087,4f3edc61f6365dfee008a3723dec7f525d0f4b92556179ff322ec4c48d63a3ca,29,False,False
run-0051-control,51,control,completed,False,False,resolved,2162,False,False,9656,9216,2477,7975,6336,310.59561128526644,8043b6adfc7686d3b3527de7e3768b599649656186adee9234ca64451366da41,29,False,False
run-0052-treatment,52,treatment,completed,False,False,resolved,3320,False,False,9671,9600,3656,9620,7800,380.04158004158006,cf98c760e96d0347f4d12d3c609d72e5f8cf37ba4c2e2d9ff269cf3840ec3b69,29,False,False
run-0053-treatment,53,treatment,completed,False,False,resolved,2711,False,False,9671,9600,2987,16705,15227,178.80873989823408,a6d4dfe3f480b860d7e7ae3b59f68ff79b4718ed5a08368bce6d0363200e7e9d,29,False,False
run-0054-control,54,control,completed,False,False,resolved,2621,False,False,9656,9600,2876,12190,7109,235.93109105824448,fe1ac7fd5a239a612ea71dc6ea6654c0da9399a6077d39acc5f36ce233110c6e,29,False,False
run-0055-control,55,control,completed,False,False,resolved,6731,False,False,9656,9600,7077,26403,24965,268.03772298602433,c97124ca26e52c462acba20147ebea6a91d67144b3e2c2ad175a35e823dfd48e,29,False,False
run-0056-treatment,56,treatment,completed,False,False,resolved,1949,False,False,9671,9600,2192,8278,6896,264.7982604493839,7b6ec3a0e7d4c1fa6f4dec89d6b02d447c3b3a8243fc7ff7c9c2e84c34af450b,29,False,False
run-0057-treatment,57,treatment,completed,False,False,resolved,3448,False,False,9671,9600,3798,8926,7405,425.4985435805512,c00ea2bf367df9b52dc8bd74762a2b4baed181593f0de19f89a793d9004fb67a,29,False,False
run-0058-control,58,control,completed,False,False,resolved,3805,False,False,9656,9600,4126,13111,11511,314.69758218289985,08dc24a7914ba59035c2f3383e7019c0a32967499bc606cab2219f5362283e2b,29,False,False
run-0059-treatment,59,treatment,completed,False,False,resolved,4208,False,False,9671,9600,4419,9783,8268,451.70193192272313,9b60d6fb8581c74bb647abe7a045d0ee61123d8da3920649c79b8861264ee8bf,29,False,False
run-0060-control,60,control,completed,False,False,resolved,2394,False,False,9656,9600,2741,7676,6176,357.0870244919229,119ff95ecb6573e54aa6d36e05428594b03662d7e5d2cab4a7b7636ab920b284,29,False,False
run-0061-treatment,61,treatment,completed,False,False,resolved,2053,False,False,9671,9600,2403,8143,6537,295.1000859634041,e2706a7ac635b593c9300ba6e4ea600abeae05d82e4ee9f151827274a75359cf,29,False,False
run-0062-control,62,control,completed,False,False,resolved,4438,False,False,9656,9600,4786,9850,8260,485.88832487309645,14c832b81ff77f0281523d2bcd9beb22c3d47515004e8b1d95931f61e2f83f63,29,False,False
run-0063-treatment,63,treatment,completed,False,False,resolved,3275,False,False,9671,9600,3568,9010,7081,396.00443951165374,b4616e9a9c462c3d40a4136d452336ca704e5c48b414fa0c0ed46571f4dbbad8,29,False,False
run-0064-control,64,control,completed,False,False,resolved,3775,False,False,9656,9600,4058,14044,12580,288.94901737396754,1d1ce56842237ad67c13aa0e93886327fa9772fd3bcf5d54e9dd9a9f617cbccc,29,False,False
run-0065-treatment,65,treatment,completed,False,False,resolved,4248,False,False,9671,9600,4531,11062,9558,409.6004339179172,d4714aa6a540e763a43f34de621d893d9fb0f4d4dfd50f379cfe31f9df61bcf4,29,False,False
run-0066-control,66,control,completed,False,False,resolved,4611,False,False,9656,9600,4965,11213,9683,442.7896191920093,594a2c8b5fa7312a7dd733ff581c70d801ea9256e8a71eb28c50a5941eebe637,29,False,False
run-0067-treatment,67,treatment,completed,False,False,resolved,3729,False,False,9671,9600,4026,11445,9875,351.76933158584535,468959c6073ed5359ba5e3e70b9dabc7310743d5830369fe3e7d13d1d8373d96,29,False,False
run-0068-control,68,control,completed,False,False,resolved,2065,False,False,9656,9216,2361,8312,6889,284.0471607314726,4daf98572b6f6b0df6733f32f261e753dfaf6a59014fbf823ec2105e07af4acb,29,False,False
run-0069-control,69,control,completed,False,False,resolved,2702,False,False,9656,9600,2935,8842,7283,331.9384754580411,a3d57cba6028f4556595084f18a98024b0daeafcce82e021ccbb888dcdfb8cbc,29,False,False
run-0070-treatment,70,treatment,completed,False,False,resolved,3507,False,False,9671,9600,3751,9960,8425,376.60642570281124,ee79e6ed9a22b0b9f0dc1ad38482a6f689fc929486ad800ce0b5f88258566070,29,False,False
run-0071-treatment,71,treatment,completed,False,False,resolved,2705,False,False,9671,9216,2944,7221,5891,407.69976457554355,053108086c10b9953056eb377108117dbbecbdec8d8f30729b111ebcf93aa9a9,29,False,False
run-0072-control,72,control,completed,False,False,resolved,2780,False,False,9656,9216,3090,8479,6932,364.42976766128083,738b15ebb5c9d83beec70e3d3dfc7cbcc4a1eabeaa417cafedbd59a6c32a2fc4,29,False,False
run-0073-treatment,73,treatment,completed,False,False,resolved,3842,False,False,9671,9600,4209,9715,8257,433.2475553268142,c8af74b60903e49686447a8e6d6adeb18ebc7bb27cc2ab3fa10671212d11f5b6,29,False,False
run-0074-control,74,control,completed,False,False,resolved,3233,False,False,9656,9600,3530,18284,16680,193.0649748413914,ca219f3c6f332e34a07e86da3654c01df1fec7dd4c464786d7f5af569775e7d6,29,False,False
run-0075-control,75,control,completed,False,False,resolved,3148,False,False,9656,9600,3488,9049,7585,385.4569565697867,b8302bb818b7caf7ac69dd8a10f016f9cfea4461e71144073436063f4779c1f4,29,False,False
run-0076-treatment,76,treatment,completed,False,False,resolved,2494,False,False,9671,9600,2765,9422,7820,293.46210995542344,2b040ee0be26652574886484cd7af2e3885f3d7a7b4d0b18de7f6f650b96de31,29,False,False
run-0077-treatment,77,treatment,completed,False,False,resolved,2412,False,False,9671,9600,2667,8113,6676,328.7316652286454,16cf5ce41f251cc81a5acea1ea050a6eb23ba08533422f46bdc8de01db4cf9e6,29,False,False
run-0078-control,78,control,completed,False,False,resolved,2452,False,False,9656,9600,2759,8129,6659,339.4021404846845,d438cb8c0eaa0762e875cb4b5d2b4618c0f3c19c4eb4c89cea80414becc06097,29,False,False
run-0079-control,79,control,completed,False,False,resolved,2154,False,False,9656,9600,2407,8843,7440,272.192694786837,ad28080dea9340d21dc38a90011004fe45d46180607d7a487eac6119991e48ac,29,False,False
run-0080-treatment,80,treatment,completed,False,False,resolved,3339,False,False,9671,9600,3728,8910,7439,418.40628507295173,d8723fdc7a0159d3981493504351e55b4b6cae87982624cf0d992a74ae3a06bf,29,False,False
run-0081-control,81,control,completed,False,False,resolved,1700,False,False,9656,9600,1978,7452,5834,265.4320987654321,c8a96dbfe56359a1a07885ff7b12865edc546722f4ade36e2d939b782ecfea37,29,False,False
run-0082-treatment,82,treatment,completed,False,False,resolved,3683,False,False,9671,9600,3969,9403,7933,422.0993300010635,ead6b2b4eb41d5d038fd0712a16bb9a080e9a15c01f518165cff3e4869db5582,29,False,False
run-0083-treatment,83,treatment,completed,False,False,resolved,2866,False,False,9671,9600,3163,9020,7164,350.66518847006654,3220e78ccdf9fc9fa11ca274dfc4bf11b831eed093e819c4d36781a4f011dad9,29,False,False
run-0084-control,84,control,completed,False,False,resolved,1939,False,False,9656,9600,2312,7871,6405,293.7365010799136,2c132b80575c83e779f593a6baeb6bb8893e47ccafe6d3d9ce2f5eb0154707ed,29,False,False
run-0085-treatment,85,treatment,completed,False,False,resolved,1857,False,False,9671,9600,2123,8599,6987,246.88917315966972,37fee08f7ca7bbad7f3deb2f7c1f50e57f067a4f3ea66a94f09fb2b68f0ef3ee,29,False,False
run-0086-control,86,control,completed,False,False,resolved,5273,False,False,9656,9600,5522,16684,15249,330.97578518340924,799ec3c12f010e772ae3f814d0abace74d1d211bc46b4a79e7f0477e11aa35b5,28,False,False
run-0087-control,87,control,completed,False,False,resolved,2608,False,False,9656,9600,2974,9365,7922,317.56540309663643,9a171ddb72ff4293694ed1a3084e2dcff4c8d801f3d0f68a8f770aebf9c8a8ea,29,False,False
run-0088-treatment,88,treatment,completed,False,False,resolved,4059,False,False,9671,9600,4328,12170,10492,355.62859490550534,cfc5aaf83605a653062ddf42d76051fdfdf2f5c13cead13a9d428ce0ee3c07b6,29,False,False
run-0089-control,89,control,completed,False,False,resolved,4884,False,False,9656,9600,5202,10478,8701,496.46879175415154,16544b9d89b03a90fd5fb01daf4f61138d5b4351c36889297c25c8bd204e17c1,29,False,False
run-0090-treatment,90,treatment,completed,False,False,resolved,3404,False,False,9671,9600,3641,8635,7189,421.656050955414,fff8d7672273a251bb86940aae9f70da21d29266beaa1b9206581b32cc887979,29,False,False
run-0091-control,91,control,completed,False,False,resolved,1742,False,False,9656,9600,2061,7930,6440,259.89911727616646,cf481de35afc026070b6974cf67247d258b5dc769281f5bd6be34801b8b5c6ba,29,False,False
run-0092-treatment,92,treatment,completed,False,False,resolved,4724,False,False,9671,9600,4998,11458,9725,436.2017804154303,130e545bc69bf460ddf981287f770eac4c0ad7b7acf234bb0a3d906b194306aa,29,False,False
run-0093-control,93,control,completed,False,False,resolved,2333,False,False,9656,9600,2592,9248,7694,280.27681660899657,5fc373762ce703c7edee18377f38a4aa196c63ce937dbe5c3b358dce3df54899,29,False,False
run-0094-treatment,94,treatment,completed,False,False,resolved,2079,False,False,9671,9600,2329,7372,5720,315.9251220835594,05032475105a22cb9b333ac5a64284920502d73729ac1d9373da40bc4023cc23,29,False,False
run-0095-treatment,95,treatment,completed,False,False,resolved,3177,False,False,9671,9600,3650,9102,7549,401.01076686442536,95d309e9e61356fdca2f5a6163eb9834a244015455cc61e4a9c0124da99f6f2c,29,False,False
run-0096-control,96,control,completed,False,False,resolved,2556,False,False,9656,9600,2757,10727,8990,257.01500885615735,ef8346ff4e9f4d7fb1131f4e82145f8a6c6ff987dc936fded075b3d8f5f2c3e0,29,False,False
run-0097-control,97,control,completed,False,False,resolved,2475,False,False,9656,9600,2833,9151,7419,309.5836520598842,1d9753685283da50e94c11b3e91e5569fe21683aeacf0cfc585f25f623063d03,29,False,False
run-0098-treatment,98,treatment,completed,False,False,resolved,3576,False,False,9671,9600,3932,8996,7564,437.083148065807,3d54e7dddc4fc8a927a8b787b9cbb268318a03982b3065fec2fec56c04fa13eb,29,False,False
run-0099-control,99,control,completed,False,False,resolved,1762,False,False,9656,9600,2046,8949,7278,228.62889708347302,bbcc9d2862565356935c913cdaf8f69b6dc5c13d815da572705e791c4efcea55,29,False,False
run-0100-treatment,100,treatment,completed,False,False,resolved,4450,False,False,9671,9600,4692,10750,9310,436.4651162790698,9b8fd71933a2bc81acc8f3df2e21a0dfc068f8c7fb267202f2e28f0ce6a6c319,29,False,False
run-0101-control,101,control,completed,False,False,resolved,2317,False,False,9656,9600,2577,12021,10172,214.37484402295982,2ed724c2ab3f9140d7e154b45f9925497c748308edf58d4ef4527c2445c09e66,29,False,False
run-0102-treatment,102,treatment,completed,False,False,resolved,3171,False,False,9671,9600,3475,7907,6396,439.4840015176426,34fb8a3f76d6476b6b73a9d21c1f78cde776987205619ba026c50c0841a46c1b,29,False,False
run-0103-treatment,103,treatment,completed,False,False,resolved,2514,False,False,9671,9600,2817,8541,6067,329.8208640674394,a5ddccc80cfdb163c43b84a8499eb3f1d341eaf530694bff88afb25a4aae280c,29,False,False
run-0104-control,104,control,completed,False,False,resolved,3314,False,False,9656,9600,3605,8427,6665,427.79162216684466,b4b728095e314e759eb65d3dd832916524e2101242817327ae62436007af82cc,29,False,False
run-0105-treatment,105,treatment,completed,False,False,resolved,1993,False,False,9671,9600,2420,9324,6509,259.54525954525957,6569ee104e60a5699b60697a7cb265f752223f3e4f71aebbb1acc6fcec77e8c6,29,False,False
run-0106-control,106,control,completed,False,False,resolved,2816,False,False,9656,9600,3177,9485,8053,334.94992092778074,54dc50babcb81f6173f1623fb3c38bc2c4e02189a3ec3f47d65381678209e929,29,False,False
run-0107-treatment,107,treatment,completed,False,False,resolved,1777,False,False,9671,9600,2066,7475,6019,276.38795986622074,1d18b161ff8c34d2b7910ff49bbede6349a8baa093449d905f08f21c7d772d94,29,False,False
run-0108-control,108,control,completed,False,False,resolved,5419,False,False,9656,9600,5758,11338,9876,507.8497089433763,df366af7ac982303023f522297a85e8677c1c8df05d26035c1b4134ee351cd79,29,False,False
run-0109-control,109,control,completed,False,False,resolved,3381,False,False,9656,9600,3700,7548,6173,490.19607843137254,f64b1cbee618c96af2d5e35226662a4fc8f39644520e73187635d99decdfdc96,29,False,False
run-0110-treatment,110,treatment,completed,False,False,resolved,4613,False,False,9671,9600,4870,10565,8964,460.95598674869854,f56829546339bb109a79df2b0f17c9e8324aa534118f8013fd27334b8e65862e,29,False,False
run-0111-control,111,control,completed,False,False,resolved,2342,False,False,9656,9600,2557,10083,8429,253.59516017058414,79dd325b3f914255d912e25b23d867193051b3d1bf130291fe2ed59295889bd2,29,False,False
run-0112-treatment,112,treatment,completed,False,False,resolved,3694,False,False,9671,9600,4043,9804,8284,412.3827009383925,913b2b7ab3b56286c929ac2633541f9fd50baf9ecd1082edc63b8b666853bbb6,29,False,False
run-0113-treatment,113,treatment,completed,False,False,resolved,3857,False,False,9671,9600,4071,9285,7612,438.44911147011305,ab67536382d4486917748ab198806a6ffb3a0db0168fe200e521ae8e4a75ab88,29,False,False
run-0114-control,114,control,completed,False,False,resolved,3630,False,False,9656,9600,3960,8818,7423,449.08142435926516,edcbaa87ba3724ff7279743e09d306137e83a08c80252c67e06b241c8b984a1c,29,False,False
run-0115-treatment,115,treatment,completed,False,False,resolved,3864,False,False,9671,9600,4204,9396,7826,447.424435930183,86aa133b27c715fccb71cf37b0c637e59c483b94c52f9c34bdb94aaf2bc7e569,29,False,False
run-0116-control,116,control,completed,False,False,resolved,3301,False,False,9656,9600,3498,12781,11280,273.6875048900712,ce2fa650bbaf9d8625194c764043878eb9dabbf70a92738cd3b03721c9d646cf,29,False,False
run-0117-treatment,117,treatment,completed,False,False,resolved,4210,False,False,9671,9600,4483,9417,8007,476.0539449930976,6540085a7dba6924fb68cf187d4378672772206e5858785680520884e6916ede,29,False,False
run-0118-control,118,control,completed,False,False,resolved,6293,False,False,9656,9600,6603,12668,11098,521.234606883486,abe220c62fe033d33a0ea7dfb6ba159b94174e0675074f7dd742d96db3c517fb,29,False,False
run-0119-control,119,control,completed,False,False,resolved,2767,False,False,9656,9600,3029,8913,7112,339.840682149669,87986c258e706777f23a7690c883842b922bd780672dba99693fcce58914fdaf,28,False,False
run-0120-treatment,120,treatment,completed,False,False,resolved,1663,False,False,9671,9600,1956,7770,6190,251.73745173745175,2fc77ca37c0fc1bddfe85e8e3a2c1df4cc0402b28a627890846ebae98d235487,29,False,False
run-0121-treatment,121,treatment,completed,False,False,resolved,2790,False,False,9671,9600,3089,10112,8500,305.4786392405063,609f6e567a215bfc5f1851845bbda3080774d40c8b95b01561cfec865ae0fe9b,29,False,False
run-0122-control,122,control,completed,False,False,resolved,2600,False,False,9656,9600,2888,9115,7573,316.8403730115195,1e6191bba5fa3449a65c4fce78f2c3e94ab1626de3ac4fbf10e94f62352e5764,29,False,False
run-0123-control,123,control,completed,False,False,resolved,3197,False,False,9656,9600,3450,12761,11369,270.3549878536165,a01e612f5b44ee15bbcc0f2617856216329ba795429f4d8ca70eb11b25426e31,29,False,False
run-0124-treatment,124,treatment,completed,False,False,resolved,2989,False,False,9671,9600,3259,8590,7106,379.39464493597205,9eb87c7abb1d5428ed21bd68faeb87981071fe6e41de8cc8dfbeb523ec9476c9,29,False,False
run-0125-control,125,control,completed,False,False,resolved,2859,False,False,9656,9600,3119,9036,7301,345.17485613103145,7ed80f9ea726c539d7389ac6a52a1d131d89da5b07e4a46b4e5441f174dbf3df,29,False,False
run-0126-treatment,126,treatment,completed,False,False,resolved,3869,False,False,9671,9600,4231,129274,128983,32.728932345251174,d165d1bddc9617fc80e2dff7709552b80076217987bd150477c26a1312e51960,29,False,False
run-0127-treatment,127,treatment,completed,False,False,resolved,2164,False,False,9671,9600,2436,7403,6016,329.05578819397545,94a2eb1c04d996323bb5532596491135047eb6764b9fff0025bffaf90c07ff50,29,False,False
run-0128-control,128,control,completed,False,False,resolved,3830,False,False,9656,9600,4100,8945,7401,458.35662381218555,6e94566b0c52bc359b50bb992bb7301273aee335288305d14e96b1009a117335,29,False,False
run-0129-control,129,control,completed,False,False,resolved,3499,False,False,9656,9600,3783,9187,7260,411.7775117013171,7e2ed0d589b1a749a495900637ea92da4b7d832f4a2d17660f9ee6cd719cc344,29,False,False
run-0130-treatment,130,treatment,completed,False,False,resolved,1974,False,False,9671,9600,2303,7094,5413,324.6405413025091,20ae25ce83613efb409d909c648c3a0e6ff53e6c04c49797e8a2d06acfba33cf,29,False,False
run-0131-treatment,131,treatment,completed,False,False,resolved,5837,False,False,9671,9600,6136,12709,10976,482.8074592808246,c4e7ce1f99b2735b03ff5255d1e0fbdedfa14e40680f2733f21835ec4e298ae0,29,False,False
run-0132-control,132,control,completed,False,False,resolved,3613,False,False,9656,9600,3863,9135,7648,422.8790366721401,eaf1505cefb9b33ef73964971e0e64cb61d230f430180f830cc229c05508fec3,29,False,False
run-0133-treatment,133,treatment,completed,False,False,resolved,2917,False,False,9671,9600,3201,11322,9523,282.7239003709592,dea49770380a1da24b3e1842d0c391740c3725bc972c0c67605cd695cd9de9dd,29,False,False
run-0134-control,134,control,completed,False,False,resolved,2691,False,False,9656,9600,3020,8793,7270,343.45502103946325,b7bc4a88ed628eb5085bf2a4df70a477bd70c09126d3a0c78b923cea9af2e59d,29,False,False
run-0135-control,135,control,completed,False,False,resolved,1678,False,False,9656,9600,2063,7567,6154,272.631161622836,5e64ab59c8701068fc16b9369254338d32abc0f8fb56592134ed06e518fcee4d,29,False,False
run-0136-treatment,136,treatment,completed,False,False,resolved,2522,False,False,9671,9600,2798,8278,6738,338.00434887654023,858b0bebfb6b52fca71e4053c9cf6094029b3e5b1731b5856b334b4461c21f8e,29,False,False
run-0137-treatment,137,treatment,completed,False,False,resolved,2808,False,False,9671,9600,3086,19143,17510,161.20775218095386,0a235e8c69200ea4eeeba57995f65fd40e42bf8afeef86d146fdbdd3e4263c63,17,False,False
run-0138-control,138,control,completed,False,False,resolved,4293,False,False,9656,9600,4550,10210,8669,445.64152791380997,9ba05433b64812f4a80450693013c9a9986575eeab94649cd6b56c715991febd,29,False,False
run-0139-control,139,control,completed,False,False,resolved,2352,False,False,9656,9600,2643,8182,6155,323.0261549743339,4615344645af5dc161d5e6bea96dd6bf10ceb4e9f50c80cca9dafde6e0b746ae,29,False,False
run-0140-treatment,140,treatment,completed,False,False,resolved,2174,False,False,9671,9600,2539,7224,5707,351.4673311184939,5ea0b442ca18984d61d099ad99485f13e14df3c328d593e53b48dae0655870b1,29,False,False
run-0141-control,141,control,completed,False,False,resolved,3694,False,False,9656,9600,4074,8375,6649,486.44776119402985,20dc1a7b3e1a46f342d02b950c6176906fddd875201ac9d008765a72f3ccd27a,29,False,False
run-0142-treatment,142,treatment,completed,False,False,resolved,4193,False,False,9671,9600,4385,11133,9590,393.8740680858709,06b6383d8d33bc804d98f13870b7577e152d1e40bcc70132fc1b97884b35007e,29,False,False
run-0143-control,143,control,completed,False,False,resolved,2252,False,False,9656,9600,2540,8051,6442,315.48875916035274,9b7674ce27def8db6ae0db844aa1242fc70678fc348e423e38981e6db1199b7c,29,False,False
run-0144-treatment,144,treatment,completed,False,False,resolved,2914,False,False,9671,9600,3169,8145,6706,389.073050951504,837f571392ba781b3a4a056a5a2edfffcdc7ff7dcc46eb3dc026b400e60065dc,29,False,False
run-0145-treatment,145,treatment,completed,False,False,resolved,3404,False,False,9671,9600,3672,9013,7381,407.41151669810273,13d259271ae29256d675370dc5debac1becb595a751c304aa35573250501ac72,29,False,False
run-0146-control,146,control,completed,False,False,resolved,3736,False,False,9656,9600,4018,22552,21105,178.1660163178432,9719c99798426883e8c818c712dd50aac2205575faafe108db6db4a7f7a7007c,29,False,False
run-0147-control,147,control,completed,False,False,resolved,3055,False,False,9656,9600,3319,7919,6248,419.11857557772447,676d585de275ab60c4ba7740fdcb8deca6a71df0b8a6b9c8df6e4f7fa6cdb77a,29,False,False
run-0148-treatment,148,treatment,completed,False,False,resolved,3784,False,False,9671,9600,4129,9362,7609,441.0382396923734,e8a678103fa6e6388e82a75483aa05cbeb9407581aef854c693bce06e3bb3aa7,28,False,False
run-0149-treatment,149,treatment,completed,False,False,resolved,3365,False,False,9671,9600,3633,7819,6468,464.6374216651746,41e086032e957b379320b2fc613b10dd56542edcd269dc5e25cbf1bb39ebf76a,29,False,False
run-0150-control,150,control,completed,False,False,resolved,2985,False,False,9656,9600,3242,7424,6068,436.69181034482756,22ed7538eb594ace2cb88999674c946e9505ca15240089a11958411c7289fdcd,29,False,False
run-0151-control,151,control,completed,False,False,resolved,2849,False,False,9656,9600,3174,7584,5994,418.51265822784814,bfaaae9b0180da887fcc7bcc35e6155a2997e076df45c2e77d4f126d939d792c,29,False,False
run-0152-treatment,152,treatment,completed,False,False,resolved,2824,False,False,9671,9600,3123,7615,5907,410.11162179908075,d84b9d7863072bd94ef6991793df472f035ae98421418229e43909a5438a5d37,29,False,False
run-0153-treatment,153,treatment,completed,False,False,resolved,4611,False,False,9671,9600,4825,10673,9034,452.0753302726506,b097e8c99b04e980d05987103e8602424be3a5b236bf8cf0829aa965c6225684,29,False,False
run-0154-control,154,control,completed,False,False,resolved,4369,False,False,9656,9600,4653,10764,9252,432.27424749163885,5226010b983f657ea210c862f9727ddf91a6b6caafac7b1a63899cfed466541c,29,False,False
run-0155-control,155,control,completed,False,False,resolved,2028,False,False,9656,9600,2336,10470,8984,223.11365807067813,ad0099f21c9e3f60d1e8cbedf40013ecbb136ec4e77471d9526a4904d7ab35a7,29,False,False
run-0156-treatment,156,treatment,completed,False,False,resolved,4060,False,False,9671,9600,4432,10145,8338,436.8654509610646,4e80d6e19f2cc4d206ea65a3788eef6b27cad21e66e933627e64b86326f53b05,29,False,False
run-0157-control,157,control,completed,False,False,resolved,4305,False,False,9656,9600,4549,9491,7694,479.2961753239912,d832b8de641d40f200da3f47ed6c42414fe3db1a8810d64894918d141c6d4bf8,29,False,False
run-0158-treatment,158,treatment,completed,False,False,resolved,4259,False,False,9671,9600,4507,8910,7363,505.8361391694725,5bb4c275d6f7053c65bdefd1ad5a2936d00d7f595c16e57dd925cd634933f00c,29,False,False
run-0159-control,159,control,completed,False,False,resolved,3068,False,False,9656,9600,3346,7938,5880,421.5167548500882,745b64c50f7878f8c9b9c899b1f276424ebd00d8b1f3e243be9c443b1e26b9c5,29,False,False
run-0160-treatment,160,treatment,completed,False,False,resolved,2765,False,False,9671,9600,2971,8150,6739,364.53987730061345,769953ec5c6c1799339c43b790a64a4fd746ba90c4334151fb0e10a5d2fed33d,29,False,False
run-0161-treatment,161,treatment,completed,False,False,resolved,2446,False,False,9671,9600,2739,7278,5765,376.33965375103054,bc59389c3e906c04e6129d1ec4894c44ce780175dc15b88dcb0129a8a2c2d53a,29,False,False
run-0162-control,162,control,completed,False,False,resolved,2879,False,False,9656,9600,3201,8629,7108,370.9583961061537,6c824cd72aac042b637375c1b57cf943da5cfdc694e1410acf53f0c9e0ec7c80,29,False,False
run-0163-treatment,163,treatment,completed,False,False,resolved,3129,False,False,9671,9600,3343,9663,8155,345.95881196315844,a7a3146e00e96be385ac773761e56bb70061c65651580144b6736cd6fed6f97b,29,False,False
run-0164-control,164,control,completed,False,False,resolved,3324,False,False,9656,9600,3672,10521,8737,349.01625320786997,e97ae9bf01f63bd6e466157e9abe72c908f445bd20b4e425448deb451a03c065,29,False,False
run-0165-control,165,control,completed,False,False,resolved,4261,False,False,9656,9600,4609,10165,8796,453.418593212002,a2699100497e768f073acaa787d1bd25997f0461aa55ce4f5d083ef4c1778a2a,29,False,False
run-0166-treatment,166,treatment,completed,False,False,resolved,2333,False,False,9671,9600,2639,7595,6089,347.46543778801845,d99840f42a409cbaedbc3634b3244aaadafeead6487ebd513bf01b773976649b,29,False,False
run-0167-control,167,control,completed,False,False,resolved,1958,False,False,9656,9600,2269,9398,7857,241.43434773356034,643db20f8c2cca6a4fef8735082b11518276a3bb4b19342ab1f3eb374a378a73,29,False,False
run-0168-treatment,168,treatment,completed,False,False,resolved,2347,False,False,9671,9600,2745,10312,8480,266.19472459270753,a5677ef500f5485f8a94f53017cefa923011a1797374bfbfbe0b2c5e957db2e2,29,False,False
run-0169-treatment,169,treatment,completed,False,False,resolved,3680,False,False,9671,9600,3982,8565,7005,464.91535318155286,3aa4eb36c4d8acc12c2566905ad41374175544545b02c4d8ea545026da972986,29,False,False
run-0170-control,170,control,completed,False,False,resolved,2928,False,False,9656,9600,3247,10137,8455,320.3117293084739,9adf04a1912b96a6fc7d5499515fdb433a4a9ea94c9694651cb775abd2eb07a4,29,False,False
run-0171-treatment,171,treatment,completed,False,False,resolved,2117,False,False,9671,9600,2383,9612,7925,247.91926758218892,f0c8fd5a617f12a1eec0396057bf3feaed1d8402b6e4ad0dc331b09be3a6fc56,29,False,False
run-0172-control,172,control,completed,False,False,resolved,3383,False,False,9656,9600,3710,11910,10358,311.5029387069689,cc67f48df23877065ed65971d027cdd5d37a8b4cb69023ab48d8de54cad10139,29,False,False
run-0173-treatment,173,treatment,completed,False,False,resolved,3311,False,False,9671,9600,3529,11023,9595,320.14877982400435,41ca2cf74a975d202a19d772b522953a1cf1ed480141a48646839bc1ae6bdbc2,30,False,False
run-0174-control,174,control,completed,False,False,resolved,3735,False,False,9656,9600,4078,10876,9242,374.95402721588823,689b5913f5b66706420b3d2bababa0fe010391776f0d544811170a97566084e1,29,False,False
run-0175-control,175,control,completed,False,False,resolved,4613,False,False,9656,9600,4892,11343,9420,431.2792030327074,ab7244b82a13fb7f44c41df55f42f502cb31ff10c7d0d00becf11b2020d3e4d0,29,False,False
run-0176-treatment,176,treatment,completed,False,False,resolved,2811,False,False,9671,9600,3018,9418,7824,320.4502017413464,12b9a6f1a2559da0980c71071aaf19c7cc9f02a3aef3c819f0d058b2ae5dd3ee,29,False,False
run-0177-treatment,177,treatment,completed,False,False,resolved,3676,False,False,9671,9600,3897,9891,8392,393.9945404913558,2d7685b24203f242d124ad02ea377c28f5d731c944b73e2189d25cf9c5d5560b,29,False,False
run-0178-control,178,control,completed,False,False,resolved,3380,False,False,9656,9600,3698,8717,6727,424.2285189858896,edf833c36edfc0653dbe7d5b69f825c7d842cb4e50e0ed7147ec04f5d419bd53,29,False,False
run-0179-control,179,control,completed,False,False,resolved,1399,False,False,9656,9600,1785,6560,5044,272.1036585365854,de52fb31200bd58d201c48c34fce5001287f169890231beeb90374b2f66be307,29,False,False
run-0180-treatment,180,treatment,completed,False,False,resolved,3764,False,False,9671,9600,4072,9772,8342,416.70077773229633,a62fcef43a23d0f62f9d2a0a6892cd2e9b746b1eeae75b61cba780fed255da99,29,False,False
run-0181-treatment,181,treatment,completed,False,False,resolved,3096,False,False,9671,9600,3275,11814,10269,277.21347553749786,43a6eb1c5a12a78c3fc71f28ba75acf86629793d6a2de97519feacff6ddca766,29,False,False
run-0182-control,182,control,completed,False,False,resolved,2704,False,False,9656,9600,2974,10624,9129,279.9322289156626,c479e0316defee6c6b600c546ca873793d6649a0bc98b12e3923d21ceaf7d4d8,29,False,False
run-0183-control,183,control,completed,False,False,resolved,3930,False,False,9656,9600,4259,13620,11962,312.7019089574156,9bb8c4c736b5e8ebb3a5de0e969c530392a3dc628ff5ccfc346cd9ff367c54f7,29,False,False
run-0184-treatment,184,treatment,completed,False,False,resolved,3071,False,False,9671,9600,3452,8339,6788,413.95850821441417,0cf81f2b4a5940d77b4c17c0b465e8722fe03641270b60ddefc6444ad1fed103,29,False,False
run-0185-control,185,control,completed,False,False,resolved,5958,False,False,9656,9600,6268,12541,11015,499.8006538553544,0be3868010ae65efd00823a66f2bd4698c868f92df70ab4a2a5388ff213cfccb,29,False,False
run-0186-treatment,186,treatment,completed,False,False,resolved,3965,False,False,9671,9600,4322,10981,9393,393.5889263272926,c2ab1b7978922fb382fe999d940e04cec04db8e9ba600b822b6b65893ab8e229,29,False,False
run-0187-treatment,187,treatment,completed,False,False,resolved,1714,False,False,9671,9600,1977,6657,5115,296.98062190175756,ee8e041dd076b20bcd290c1a4fc0be6f6c163b5ce65f769438a193b4f3137d07,29,False,False
run-0188-control,188,control,completed,False,False,resolved,4820,False,False,9656,9600,5081,10837,9342,468.856694657193,029d202813ef86fcd1c47ccdb5762e12946160d7f90850426c150b7feb243690,29,False,False
run-0189-treatment,189,treatment,completed,False,False,resolved,2727,False,False,9671,9600,3014,8725,7194,345.44412607449857,5c8363ac78371befbdd5f2e11862dcd8db974ed81e4017b33cbf9beedab003db,29,False,False
run-0190-control,190,control,completed,False,False,resolved,2314,False,False,9656,9600,2520,7927,6097,317.90084521256466,893613d129e812287ee2409fde969acb136ce58f45f5ba9eb7fa92e04ab457f2,29,False,False
run-0191-control,191,control,completed,False,False,resolved,2734,False,False,9656,9600,3078,8973,7367,343.0290872617853,ad8392e430087e06d2c1e88c313ab6dc216736a426eca2f206313c7709d6868b,29,False,False
run-0192-treatment,192,treatment,completed,False,False,resolved,3518,False,False,9671,9600,3805,9329,7816,407.8679386858184,c6cd5eeb1e38d726440817ff97a0fea33756476491d7889c63dbc2c55efc12c4,29,False,False
run-0193-control,193,control,completed,False,False,resolved,3593,False,False,9656,9600,3867,9340,7603,414.0256959314775,65a839448ee5c49e118e03a9619fb680dc75f72168e9fdf2d59890a0f2304f2a,29,False,False
run-0194-treatment,194,treatment,completed,False,False,resolved,2275,False,False,9671,9600,2573,6960,5440,369.68390804597703,394931702ff780dc9016442ab9d691fe6dfe307c33c724c6bcfb0008c68452aa,29,False,False
run-0195-control,195,control,completed,False,False,resolved,2688,False,False,9656,9600,2941,9597,8158,306.4499322705012,f7db2a3391d7299b610385927f361a47a72bb5de86784be3cda58576aca8999d,29,False,False
run-0196-treatment,196,treatment,completed,False,False,resolved,4209,False,False,9671,9600,4524,12943,11331,349.53256586571894,2a223f3e68776f0aa9708e5cc6221af26c4071db54d0f8ebd4417cbb63e8c405,29,False,False
run-0197-control,197,control,completed,False,False,resolved,2788,False,False,9656,9600,3017,7829,6088,385.36211521267086,1d178b3be7c663397e5ac7f1b83cb051a5b019af141c147dfeb58868ca2c1497,29,False,False
run-0198-treatment,198,treatment,completed,False,False,resolved,2168,False,False,9671,9600,2474,16059,14535,154.0569151254748,2c79091850ace03cd5233b8be4b89afb700471b38c44f1d79009fc21e820d480,29,False,False
run-0199-control,199,control,completed,False,False,resolved,2999,False,False,9656,9600,3335,8031,6507,415.26584485120156,2d5000e28970dd0c18e87ef71e4b90f32d0f11b8e8dda16af7cd482da12bf3d7,29,False,False
run-0200-treatment,200,treatment,completed,False,False,resolved,3416,False,False,9671,9600,3734,8023,6593,465.4119406705721,a2bf4b032c7455493b62c2380d9ff5f97718d7e66e0229c3b91baa293ef9e30d,29,False,False
